processes,theoretical_speedup
1,1.0
2,1.9979048267144826
3,2.9937210578793443
4,3.987455243725117
6,5.9687035437155185
8,7.9417015838577845
12,11.863152162819073
16,15.752213298283532
24,23.43475922430165
32,30.99245865600339
∞,953.5749813749966
