num_processes,input_size,size_per_process,avg_time,std_time,efficiency,avg_score
1,8000,8000,0.32038726666666667,0.006158242734872438,1.0,1781.7
2,16000,8000,1.23091,0.008464431031655659,0.2602848840830497,3576.0333333333333
4,32000,8000,5.0002852,0.08091715482384565,0.06407379856386325,7168.833333333333
6,48000,8000,37.37746106666667,14.908821128350032,0.00857167013284348,10754.233333333334
12,96000,8000,89.682554,23.752721161862077,0.003572459217281732,21525.466666666667
